{"adenocarcinoma": {"precision": 0.5294117647058824, "recall": 0.782608695652174, "f1-score": 0.631578947368421, "support": 23.0}, "large.cell.carcinoma": {"precision": 1.0, "recall": 0.47619047619047616, "f1-score": 0.6451612903225806, "support": 21.0}, "normal": {"precision": 1.0, "recall": 0.6153846153846154, "f1-score": 0.7619047619047619, "support": 13.0}, "squamous.cell.carcinoma": {"precision": 0.55, "recall": 0.7333333333333333, "f1-score": 0.6285714285714286, "support": 15.0}, "accuracy": 0.6527777777777778, "macro avg": {"precision": 0.7698529411764705, "recall": 0.6518792801401497, "f1-score": 0.666804107041798, "support": 72.0}, "weighted avg": {"precision": 0.7559232026143791, "recall": 0.6527777777777778, "f1-score": 0.6584449474941835, "support": 72.0}}