{"adenocarcinoma": 0.782608695652174, "large.cell.carcinoma": 0.47619047619047616, "normal": 0.6153846153846154, "squamous.cell.carcinoma": 0.7333333333333333}