{"adenocarcinoma": 0.7391304347826086, "large.cell.carcinoma": 0.6190476190476191, "normal": 0.9230769230769231, "squamous.cell.carcinoma": 0.8}