{"adenocarcinoma": {"precision": 0.6538461538461539, "recall": 0.7391304347826086, "f1-score": 0.6938775510204082, "support": 23.0}, "large.cell.carcinoma": {"precision": 0.8666666666666667, "recall": 0.6190476190476191, "f1-score": 0.7222222222222222, "support": 21.0}, "normal": {"precision": 1.0, "recall": 0.9230769230769231, "f1-score": 0.96, "support": 13.0}, "squamous.cell.carcinoma": {"precision": 0.631578947368421, "recall": 0.8, "f1-score": 0.7058823529411765, "support": 15.0}, "accuracy": 0.75, "macro avg": {"precision": 0.7880229419703104, "recall": 0.7703137442267878, "f1-score": 0.7704955315459517, "support": 72.0}, "weighted avg": {"precision": 0.7737798020692757, "recall": 0.75, "f1-score": 0.7526956338090793, "support": 72.0}}